<application>
  <component name="ProjectJdkTable">
    <jdk version="2">
      <name value="Python 3.7 (EC_Auswertung)" />
      <type value="Python SDK" />
      <version value="Python 3.7.9" />
      <homePath value="C:\Users\goll_ms\Documents\GitHub\EC_Auswertung\venv\Scripts\python.exe" />
      <roots>
        <classPath>
          <root type="composite">
            <root url="file://C:/Python/DLLs" type="simple" />
            <root url="file://C:/Python/Lib" type="simple" />
            <root url="file://C:/Python" type="simple" />
            <root url="file://$USER_HOME$/Documents/GitHub/EC_Auswertung/venv" type="simple" />
            <root url="file://$USER_HOME$/Documents/GitHub/EC_Auswertung/venv/Lib/site-packages" type="simple" />
            <root url="jar://$USER_HOME$/Documents/GitHub/EC_Auswertung/venv/Lib/site-packages/setuptools-40.8.0-py3.7.egg!/" type="simple" />
            <root url="file://$USER_HOME$/Documents/GitHub/EC_Auswertung/venv/Lib/site-packages/win32" type="simple" />
            <root url="file://$USER_HOME$/Documents/GitHub/EC_Auswertung/venv/Lib/site-packages/win32/lib" type="simple" />
            <root url="file://$USER_HOME$/Documents/GitHub/EC_Auswertung/venv/Lib/site-packages/pythonwin" type="simple" />
            <root url="file://$USER_HOME$/.PyCharmCE2019.3/system/python_stubs/604278540" type="simple" />
            <root url="file://$APPLICATION_HOME_DIR$/plugins/python-ce/helpers/python-skeletons" type="simple" />
            <root url="file://$APPLICATION_HOME_DIR$/plugins/python-ce/helpers/typeshed/stdlib/3" type="simple" />
            <root url="file://$APPLICATION_HOME_DIR$/plugins/python-ce/helpers/typeshed/stdlib/2and3" type="simple" />
            <root url="file://$APPLICATION_HOME_DIR$/plugins/python-ce/helpers/typeshed/third_party/3" type="simple" />
            <root url="file://$APPLICATION_HOME_DIR$/plugins/python-ce/helpers/typeshed/third_party/2and3" type="simple" />
          </root>
        </classPath>
        <sourcePath>
          <root type="composite" />
        </sourcePath>
      </roots>
      <additional ASSOCIATED_PROJECT_PATH="$USER_HOME$/Documents/GitHub/EC_Auswertung" />
    </jdk>
    <jdk version="2">
      <name value="Python 3.7" />
      <type value="Python SDK" />
      <version value="Python 3.7.9" />
      <homePath value="C:\Python\python.exe" />
      <roots>
        <classPath>
          <root type="composite">
            <root url="file://C:/Python/DLLs" type="simple" />
            <root url="file://C:/Python/Lib" type="simple" />
            <root url="file://C:/Python" type="simple" />
            <root url="file://C:/Python/Lib/site-packages" type="simple" />
            <root url="jar://C:/Python/Lib/site-packages/setuptools-40.8.0-py3.7.egg!/" type="simple" />
            <root url="file://C:/Python/Lib/site-packages/pip-19.0.3-py3.7.egg" type="simple" />
            <root url="file://$USER_HOME$/.PyCharmCE2019.3/system/python_stubs/-234514117" type="simple" />
            <root url="file://$APPLICATION_HOME_DIR$/plugins/python-ce/helpers/python-skeletons" type="simple" />
            <root url="file://$APPLICATION_HOME_DIR$/plugins/python-ce/helpers/typeshed/stdlib/3" type="simple" />
            <root url="file://$APPLICATION_HOME_DIR$/plugins/python-ce/helpers/typeshed/stdlib/2and3" type="simple" />
            <root url="file://$APPLICATION_HOME_DIR$/plugins/python-ce/helpers/typeshed/third_party/3" type="simple" />
            <root url="file://$APPLICATION_HOME_DIR$/plugins/python-ce/helpers/typeshed/third_party/2and3" type="simple" />
          </root>
        </classPath>
        <sourcePath>
          <root type="composite" />
        </sourcePath>
      </roots>
      <additional />
    </jdk>
    <jdk version="2">
      <name value="Python 3.7 (venv)" />
      <type value="Python SDK" />
      <version value="Python 3.7.9" />
      <homePath value="C:\Users\goll_ms\Documents\test\venv\Scripts\python.exe" />
      <roots>
        <classPath>
          <root type="composite">
            <root url="file://C:/Python/DLLs" type="simple" />
            <root url="file://C:/Python/Lib" type="simple" />
            <root url="file://C:/Python" type="simple" />
            <root url="file://$USER_HOME$/Documents/test/venv" type="simple" />
            <root url="file://$USER_HOME$/Documents/test/venv/Lib/site-packages" type="simple" />
            <root url="jar://$USER_HOME$/Documents/test/venv/Lib/site-packages/setuptools-40.8.0-py3.7.egg!/" type="simple" />
            <root url="file://$USER_HOME$/Documents/test/venv/Lib/site-packages/pip-19.0.3-py3.7.egg" type="simple" />
            <root url="file://$USER_HOME$/.PyCharmCE2019.3/system/python_stubs/812608170" type="simple" />
            <root url="file://$APPLICATION_HOME_DIR$/plugins/python-ce/helpers/python-skeletons" type="simple" />
            <root url="file://$APPLICATION_HOME_DIR$/plugins/python-ce/helpers/typeshed/stdlib/3" type="simple" />
            <root url="file://$APPLICATION_HOME_DIR$/plugins/python-ce/helpers/typeshed/stdlib/2and3" type="simple" />
            <root url="file://$APPLICATION_HOME_DIR$/plugins/python-ce/helpers/typeshed/third_party/3" type="simple" />
            <root url="file://$APPLICATION_HOME_DIR$/plugins/python-ce/helpers/typeshed/third_party/2and3" type="simple" />
          </root>
        </classPath>
        <sourcePath>
          <root type="composite" />
        </sourcePath>
      </roots>
      <additional ASSOCIATED_PROJECT_PATH="$USER_HOME$/Documents/GitHub/EC_Auswertung" />
    </jdk>
  </component>
</application>