<profile version="1.0">
  <option name="myName" value="Default" />
  <inspection_tool class="PyPackageRequirementsInspection" enabled="true" level="WARNING" enabled_by_default="true">
    <option name="ignoredPackages">
      <value>
        <list size="11">
          <item index="0" class="java.lang.String" itemvalue="pandas" />
          <item index="1" class="java.lang.String" itemvalue="scipy" />
          <item index="2" class="java.lang.String" itemvalue="Kivy" />
          <item index="3" class="java.lang.String" itemvalue="kivy-deps.angle" />
          <item index="4" class="java.lang.String" itemvalue="kivy-deps.glew" />
          <item index="5" class="java.lang.String" itemvalue="scikit-learn" />
          <item index="6" class="java.lang.String" itemvalue="matplotlib" />
          <item index="7" class="java.lang.String" itemvalue="kiwisolver" />
          <item index="8" class="java.lang.String" itemvalue="numpy" />
          <item index="9" class="java.lang.String" itemvalue="kivy-deps.sdl2" />
          <item index="10" class="java.lang.String" itemvalue="psutil" />
        </list>
      </value>
    </option>
  </inspection_tool>
</profile>